words,sentiment_coeff
-,66.66174502023044
not,-75.514092250603
the,83.48330132820902
vaccines,-80.40908742781924
vaccine,-72.76169626897875
it,71.64052748021882
and,-76.39617852213203
that,-85.5198711418623
https_:,-77.9302466990858
you,79.55266276113846
:,-88.62603774455783
people,87.89606732709316
is,80.38472542375557
to,-76.72035729878226
this,-82.28742589082776
autism,78.72305113384256
would,84.27773213221332
like,-75.51269301681259
in,83.52162111130096
no,-84.30615227078081
one,-78.00368744093574
!,-79.7556143688409
know,-84.46093555363895
a,-85.59866599632166
study,-84.67713681714649
i_am,-86.51828678622877
measles,-83.54633470804316
also,-79.75838516758485
of,82.26568603120441
get,-88.22617142994662
if,-88.92554026156901
so,-101.27298898128792
even,-74.67385128166846
they,93.61643104095647
but,77.65104754275995
vaccinated,83.7829837598372
are,-79.06940685376992
i,-79.58645424186929
think,-85.20088847831042
there,-79.01813986128693
what,-78.66617268162682
anti_-,81.3584050151081
vaccination,91.05191181329776
children,-90.23225504361834
for,-74.81333110346345
say,76.35343943700748
said,-79.17021674592365
still,-92.32915747996954
don_t,-71.90582898241269
actually,82.43697523497582
mercury,78.87307522904935
well,90.50914863629222
on,-82.31852707419638
way,-78.73844734156229
want,-82.20292529719974
point,90.62231118677967
see,-79.61259348853372
do,-72.91292445620395
make,77.74844397497907
with,-75.16693683620184
all,-80.38801451086427
first,-85.12341689317724
much,-81.17500702654202
read,91.56024509700008
us,-77.34767849042024
really,-74.69232919739099
many,95.46414681082256
we,-80.09259193711074
wrong,-88.32270203569183
why,-76.98723630449169
could,-83.52389325891014
cdc,89.2437878229348
may,82.47117796659221
got,-79.14369078867533
cases,-84.32633090023072
yes,-81.56041756760315
studies,89.579194312247
1,-87.52754319066514
saying,77.31431009904475
immunity,-83.90603266673507
virus,-93.38809393946588
used,76.48644307537327
take,-80.45407050531254
good,75.95586022598111
as,82.16003776484237
child,-71.20482100160231
my,-78.98590894180757
time,-80.20914505131785
^_^,-47.405708202865895
thimerosal,-88.02292463408344
how,-68.58247568226292
or,-80.8371437911174
disease,99.18402512581221
nlm_nih,-77.2771445542621
do_not,77.01384091473085
cause,-85.03096599124365
risk,85.07745638711273
case,-81.69554768834863
www_ncbi,-77.11012038276581
body,-79.42500722319818
who,-88.0002483309221
mmr,-80.78100224185239
kids,-83.06966206556075
www,-84.91583556009553
found,99.96239748164889
com,-85.85703139871848
now,-76.69370630096869
life,82.87064215864338
have,76.9623533213113
go,84.75642683395378
i_have,85.03635708010987
never,-86.55568267042283
made,85.11842633727282
health,-83.30784454994814
data,96.60398063026429
cannot,80.04103133674963
it_s,-78.70295256914908
believe,-83.81718888965015
need,87.24277107229365
use,-80.74415127819131
medical,77.85482902058185
http_:,81.0623416645327
s,-94.68374038389224
flu,-89.21279487600896
here,86.87630779159993
evidence,-85.78247130066676
since,-105.53194941309171
2,96.80398906539699
bad,81.91900617171102
them,-75.6508138230628
science,78.08291594394562
me,-75.05015468979133
getting,84.94006474813791
research,84.32186538897834
=,-91.27832337237516
your,-78.56205521090173
right,77.15882677366513
someone,73.22113081561398
anything,-76.19497057118144
true,84.63904220215544
vaccines_cause,-85.60990156952175
he,-81.72096457134211
herd_immunity,86.06524446254335
just,-75.60091738743392
immune_system,-76.70918604865345
rate,-88.6050673098027
from,84.20546517381705
sure,-78.41034106135491
they_are,-78.90581994487154
work,-74.29449080196106
anyone,-93.87607500473783
something,-95.75927507620231
because,-86.60083255376851
diseases,-80.86949142548391
polio,-84.63970965241182
without,73.39915001723627
going,-87.60695283742217
mean,-68.44965012781317
when,-83.78131955412383
help,-82.5329718693349
though,-77.15674937826485
can,-81.23156576843859
thing,-78.18396323209797
which,-76.68776345814823
reason,81.506321852661
de,-90.70169804331346
then,-86.4450921101303
dangerous,-82.49010750309226
live,-87.38611505751018
post,-75.38636920406564
unvaccinated,-80.55582504823975
says,-80.3523106548068
yet,82.85659606012977
shot,-91.01137817856383
probably,-71.59390476218233
argument,-80.29679269090276
i_m,-76.67203235963292
outbreak,93.7804665859595
nothing,73.99894379962738
covid,-85.10738991176923
link,-79.66547536898764
:_www,-85.25306944965824
two,-91.15891454006008
day,-81.22717438972789
look,83.96608639071003
fact,70.82882648665175
you_are,74.63345893215634
source,-84.27978728543722
of_the,-75.30467881639778
years,-83.06577907306554
by,-79.47681576512946
vaccinations,83.32156286139966
5,-78.31219458063629
yeah,-75.17562570326082
understand,-78.67510890854983
however,77.20625451524064
question,70.16024668541263
article,-86.91738645364285
person,-81.12845221500643
was,68.25071974852678
different,-75.2418002310913
issue,-78.55237245113524
some,-80.6219636290838
better,85.20981258303436
population,-81.87695410583005
already,-80.52785811276038
about,79.72020836680507
parents,-78.14431515296224
back,-77.93884708059562
dr,73.82420525496151
another,-82.3356513614959
up,-75.30018092599872
safe,83.89993571346818
around,69.48848193115296
mmr_vaccine,85.10238570036357
public,-76.1980599453656
3,-88.92711274589968
chicken_pox,85.70903495741018
due,-77.64913730737238
world,80.47439337171619
ever,-72.32659838224532
give,-66.40298024965935
0,-79.77721511786683
pertussis,-77.85587948999722
whole,78.14040193195851
doctor,85.92087705394141
www_cdc,87.6949498023561
trying,92.39457913845894
tell,65.12794254296541
means,-77.19630808136519
paper,76.66747279433721
age,86.46611899050652
gov_pmc,73.16168119461646
at,-74.80121982396119
comments,-73.78610866107073
might,-79.63169256009307
results,84.36844897109673
literally,-70.35570737003825
non_-,84.86462060812828
only,-73.78950392614436
again,84.13206961220136
try,-72.80450189800372
mumps,85.35956452404061
com_r,79.87201150268123
idea,-84.71800768950969
stop,-76.42640152757919
cause_autism,-70.8248564811897
everyone,-76.97197977882125
please,-78.89692891698024
more,-79.05011329667225
wakefield,-76.14041306521493
keep,-76.03910615298535
these,-82.86689632441941
problem,68.55698540893678
articles,-76.22140669645657
chickenpox,-65.96896427544986
after,77.90316918433534
vaccine_strain,91.67657964700635
oh,-66.84336539829353
brain,-100.26626284286917
mind,86.79560176469714
information,-70.04091385602426
cancer,77.17847637062236
best,-71.92691147355302
makes,-80.74741125712447
long,-69.96565556684729
org,73.01680509714325
4,-85.08306177911672
increase,-91.45952445296307
part,-78.2542564725567
put,82.01000899162712
claims,-68.46356968507168
others,-67.36689634670901
talking,-80.6423579865489
ok,-63.1509672418462
debate,70.18863348053341
vaccinate,69.81777993502322
human,83.17895767075802
100,-77.76839935612772
you_re,-73.04446558614059
vax,73.11762912295815
let,74.42956338139747
every,-87.55501775521141
safety,84.13483685405724
maybe,-77.24917754649532
rates,-78.73678314507504
didn_t,77.23949377615384
group,-77.16782092565845
immune,-68.75151042428533
using,94.8654187907035
done,74.50980826925414
news,-80.29010745931618
dose,-84.08664507345789
pro,76.6225050646647
number,80.90923766142872
deaths,71.03282210920739
clear,-79.9088552813057
enough,-83.77957964915011
specific,-73.79313452976416
vaxxers,-71.56596709732314
given,-84.84875897255712
either,82.17302175455966
10,-80.37855389305524
high,80.54732690670045
find,-76.11757893985092
lot,-71.83295728002385
able,-76.93198275978332
ethylmercury,-83.28213880200416
comment,-67.44406938872555
response,74.59413060577575
proof,-75.39490935250862
no_one,-75.7213366805134
out,-67.56476124150257
food,-64.75218403668939
based,-86.64203083212803
example,-76.91130105822221
called,-62.372405355274175
doctors,-72.8825462386956
among,-87.40207403991751
less,95.19540824429599
baby,-80.74711840498132
facts,77.69664083731256
fda,75.15353939826673
things,75.57008716745015
everything,-79.45908681462991
antibodies,-69.55795690376264
r,-73.61541739690416
scientists,-78.12986663973074
making,-69.63732026109405
medicine,-72.86954264195235
flu_vaccine,-76.03930558625383
death,-68.24889819041007
year,-74.91103367067629
started,-74.44969299302365
system,85.12462528924485
shit,-69.64257349241194
op,-77.37863569054687
aluminum,-78.86027335522968
over,-72.49950731067513
completely,77.2047172754813
thought,78.31869814087335
most,72.62623602727741
be,68.92280312070906
must,74.37746353937058
an,-72.0608192954761
hard,-67.37862452473095
ask,-74.49680648944125
public_health,-77.15031988110893
shots,-71.15201865795935
symptoms,64.99955290478988
multiple,-83.97175032555283
that_s,76.22628858441715
did,66.16443547053731
que,-78.6684957802175
state,-80.7140436103767
answer,-63.03342062551467
has,66.72208022147821
type,-91.26833270827485
new,82.32489128414618
guess,71.61068421032884
caused,-67.01298229601616
simply,-87.04895206734734
claim,63.36539731096698
media,90.79011106622139
old,74.24970073426516
trust,-89.60830888914225
explain,83.8738480451888
la,-70.93745270344633
protection,75.6114353357792
sources,78.88845140943965
any,71.98007560733528
pdf,88.20276222170968
doesn_t,91.12017896961257
extremely,-75.20626995670855
myth,-85.5415213518581
supposed,68.03711607015381
birth,-79.97721515301714
infection,-80.70188552335416
sorry,73.61392181761536
cells,79.88906368197756
there_no,-69.02140755369233
times,-91.13827356646478
etc,-67.12265478120288
healthy,-79.79862076992423
x200b;,-84.30937808671663
prior,-67.88883786820756
rather,-91.29986330913363
needed,-74.7143259939164
exactly,-85.6556475473174
higher,-76.57734810161318
you_have,73.54684958089534
large,-86.01295320303838
last,-69.54907686732454
common,-54.38913164804153
www_reddit,-75.48401134647541
big_pharma,-65.48760742291344
questions,-80.78654737408512
being,-67.61447382740124
free,78.86509696630058
especially,-59.793066569094236
misinformation,-72.42017089001003
covid_vaccine,-71.8443605410374
what_is,-64.32096347716939
small,-65.37069049239436
exposed,-85.36574670999472
bad_faith,-61.902270670440686
this_is,65.29680219902185
call,70.64367913525737
told,78.44178755814458
she,-69.48086045852492
fucking,71.2592607458984
viruses,78.21042408451545
asking,91.01626878559415
countries,-63.86037158418957
adults,63.04995218981951
general,-81.51565377898825
html,-82.67689699870631
days,78.84646699896369
pretty,66.60958750166054
kind,70.68022986702917
today,79.31752772337961
injected,-78.50583988443063
blood,-80.6463156092538
will,-61.67523108526884
t,-70.9925852151597
sick,-83.49242324900864
care,71.13159232255381
important,80.42450958971916
seen,-66.69179828901942
conspiracy,71.97948338698512
taken,82.95658340091357
reported,-92.08606640304082
correct,-70.78894799425697
reddit,-64.29148074930052
unless,-73.49509844628246
known,-81.08210931770985
actual,66.30792971338238
-_containing,79.22789013672029
influenza,-82.00857057170325
brain_damage,-75.02750485922334
efficacy,-77.64484356015011
seem,75.77225975661477
asked,-76.24036751064233
comes,69.29041727160141
en,-73.4181603694719
away,71.19984457822918
too,77.35364475984554
died,68.8989054991107
causes,86.6141094740422
industry,-76.53162317749248
respond,65.4818809941716
false,71.77164148864284
18,-66.49112254247528
arguments,-66.00003117656745
their,-67.68762198703557
products,-79.75487833507827
bullshit,-62.65386791007222
current,-80.6311856745073
unvaccinated_children,-71.55202675486711
seems,68.0926710418465
proven,-70.27321057460625
fine,-52.585377074163794
were,-67.36263212013486
testing,-84.71066984526678
site,-80.90737867654165
great,77.17057633857155
babies,77.40767057880026
humans,-77.76971110734202
effects,84.47291651057364
i_will,-68.2740026567787
association,70.1607930607084
several,-89.92113764711125
discussion,82.06004589261441
interesting,-84.00813092445951
low,77.2483325550981
measles_outbreak,-88.84762917315858
exposure,84.0613717741515
report,-81.34494055080751
risks,82.12578208218247
american,76.21961517441815
hope,-71.11710733004251
antivaxxers,65.61938928579475
come,73.31024582174703
often,82.20906527242602
opinion,-75.75066453929792
effective,-71.83637697941982
lol,61.35250883494564
government,-72.51242297679912
side_effects,-82.4647830042768
single,-77.36152336110008
prevent,-86.44347929578448
possible,-61.29609890145435
past,-78.692856488525
conclusion,-75.8169106415143
reading,-68.88703961431358
real,-62.06839037081836
entire,-78.38766062536558
effect,-83.41952794069827
die,65.89367364775543
almost,-75.18854170563088
amount,79.99553561260417
where,63.924320484211904
compared,80.72904975142559
form,69.11183626036906
problems,-73.71077649313798
far,-58.86274618764736
x200b;_x200b;,58.3086444945338
down,71.31981213067617
tested,-71.40250201110344
vaccine_safety,72.34813391669974
quite,71.32516815984016
nurse,-64.65251653320553
toxic,-54.324825636012335
propaganda,-71.35215294541074
while,-69.62822701002386
protect,-78.82599443605177
flu_shot,-79.24444778328301
statement,78.22370413560722
blog,-75.54539726309838
ones,-70.87621259955748
gov_m,76.03245815361485
wanted,69.31202397097324
provide,-78.06156261466276
truth,-77.47367699303433
serious,-81.20386233354118
water,-69.65290886654992
does,68.89853807058905
certain,-75.4977433248396
individuals,71.19244650208321
damage,-60.04026837846549
otherwise,-87.59775088274029
her,50.552982296869914
autistic,69.41567742943694
info,-67.18926612889287
vaccine_related,-72.27063539704044
analysis,83.23841880950611
dont,61.3002180172924
according,-83.75504906014851
talk,-61.312589897081985
antivax,60.3839764045309
nonsense,59.60412772204363
6,68.96725422249833
pregnant_women,-62.77162648664424
gets,-68.69150630979249
many_people,65.86255630945188
three,67.93963537698193
retracted,-70.3566097612325
removed,89.64542194405725
placebo,-65.48577881717863
doses,-107.13426699836165
vaxxer,75.45422579687816
obviously,-77.67999883134357
40,-89.40972851010703
worry,-65.97104888578828
related,-90.68357164706416
scientific,-71.86448831382836
infected,74.54920307975986
against,72.37320609024103
little,-61.63411574099923
facebook,-79.22630693117068
court,-74.68106916507747
to_be,-64.07727795825757
name,-73.80491035987413
paid,73.33748399033442
aluminium,75.96911509278675
young,-77.34449159123226
generally,83.28853100477889
abstract,-87.05583654909384
7,79.40214274010498
clearly,-64.0323422111464
arguing,78.61893581698747
isn_t,66.52592135792186
months,80.9114488753753
realize,-75.72590761546142
lack,-80.790789677903
b_pertussis,-81.81956813621325
total,-79.61608015026835
causing,67.994590373251
andrew_wakefield,65.63891326543079
thread,57.69872670629458
show,73.99561298815712
usually,-77.1314484081538
linked,65.95582086962023
stupid,-58.002328130587934
articles_pmc4482312,57.9574314357697
fear,-65.30409941324845
friend,68.15962921037787
whatever,77.95269294787656
telling,-66.26488766247078
!_!,57.55161514645778
protected,-59.318684731832015
of_course,-69.01735532336184
thinking,-68.30449831908126
half,71.94347714113754
society,74.41715722547067
gov_vaccines,-75.18617489625444
19,-66.05508460490319
kid,-73.13175200135198
looking,-72.30035979046352
avoid,68.52546846123596
numbers,79.92358107667191
thanks,59.70111199311311
17,-89.41935844553629
patients,82.3264563986155
prove,-79.05856690397549
wouldn_t,-72.39482368749847
both,64.51114297887075
next,69.10560871624871
else,64.90694224398415
money,79.29797011374407
entirely,67.12430460975814
full,85.84931643035361
every_year,-62.91269754349381
pox,-60.46201379424775
mom,65.43373112517436
within,-66.35906780303075
basically,65.53842767574673
concern,-70.45797861349061
asd,-72.7028553120624
share,70.12624375352209
knowledge,78.34397329614725
joke,-53.31183672267305
coronavirus,-74.66763804904727
50,75.50712295820605
conversation,69.2889874423314
although,74.21803464346418
contact,-91.97946317087543
beliefs,57.69745233213485
start,68.40962464859788
opposite,61.144069629775935
following,-78.64613968277979
talking_about,-67.7507666917496
course,-64.0271650457699
dude,-48.6432986569106
despite,-85.24095517635257
naturally,60.626440055282885
pubmed,-77.99402360533024
likely,-78.27176398124182
org_content,65.72233643308931
mother,64.5420145355006
uk,74.34706971462765
12,-69.14528366029883
head,-57.29157062910207
least,81.44164095221392
para,-70.0437210552165
than,64.97072221555587
country,80.97459136940232
antivaxxer,-69.14835780138662
vaxxed,65.36192211880198
25,-78.63961069433287
conclusions,89.97180115443959
make_sense,-66.91023157010605
big,-66.79277370063329
apparently,67.55851757424053
including,-68.8293332684948
2014_http,-67.73380789930006
gov_pubmed,-75.497792193407
ignore,66.93234495233274
000,-69.82533230689714
exact,-71.24839858575538
no_longer,-66.77528175204992
similar,83.87074833765791
affect,78.95648799269108
researchers,79.95238594276832
available,-66.8848943225227
trigger,73.36608862322298
showing,82.45710600591705
reaction,-70.93152473481643
11,-78.09634337589931
natural,70.53784808218316
works,52.64502996597796
level,-73.95563871980303
estimate,-69.17208230352053
edit_:,73.32686020217824
taking,75.59518760944236
living,78.54082700200836
pandemic,-57.29773162448119
dumb,-46.304682661257424
zero,-67.95161188818855
correlation,-73.84545031872346
officials,81.65228467420502
create,-77.6831219088609
experience,-75.26970786898097
before,-71.06859724336532
result,-65.69311724597384
issues,-84.17730955012578
potential,-76.08916360983905
companies,-68.99142815156821
saw,67.90592865209658
fever,-60.87663355621918
later,-86.39370316087164
pro_vaccine,-69.33589765847533
pfizer,-88.65348724429877
smallpox,-64.34619289742824
decades,-68.75194174990207
fully,-75.6043385525142
difference,66.49155661951707
points,85.23184252049023
survey,70.73694273370792
recently,-65.38342479705214
injuries,-77.95678704131285
anyway,-66.27998902495293
increased_risk,81.87562361368353
sometimes,-70.28071634260434
strong,66.51949532863917
idiot,-56.5441831442162
vaers,-81.18620693828163
analogy,-74.62620273514466
links,60.17002568269616
observed,-86.62857708230588
did_know,79.9924010234201
stated,-80.97521935665748
sars,-82.06661433230447
subject,65.2930346936377
el,86.74140837010333
transmission,-71.47111185979719
definitely,-71.60302138261154
can_t,59.97089762379585
rubella,-74.95381786288262
our,-69.22763741010365
wait,74.37951608565943
feel,68.90473280018716
re,-86.01428411903535
school,-70.16376286859143
concerned,-77.72875435491271
bill,-66.25378263973313
totally,-57.858135383065296
education,-78.44361636636262
usa,70.03685930250633
non,61.95423124642233
honestly,66.19219101129305
modern,85.67740572309393
yourself,-59.712522033149995
become,76.74637756844407
lost,63.53733280075599
disorder,-78.58026628615315
family,-71.23617101732458
whooping_cough,63.075040847373025
individual,79.9958108077608
you_cannot,68.69778486798022
support,69.65982838766794
track,-71.36469675724896
been,-56.58442231540708
giving,-74.54698416654566
explanation,76.150043087108
always,-72.03913272276907
sub,-74.82345613954476
stronger,74.23001582549651
meant,-72.0526698406278
ingredients,79.42561560943912
gave,-71.41195295398687
instead,-84.06129953117805
pneumonia,63.599889764631676
hep,63.899461953907306
none,65.12913317788575
er_visits,-75.81973920367881
job,-81.28820794067182
easily,68.14174122638228
shedding,79.24531506886733
fuck,-56.55165348457965
ari,60.81700174275021
necessary,59.79476878487976
misleading,-75.1531041989143
immediately,-67.26984258618343
parent,62.62465543423329
pre_-,68.10020980597092
hypothesis,72.90310694102826
we_have,61.04867466274504
mentioned,-64.65810858059855
directly,-64.62182153651722
change,-72.68048913798206
early,-63.593866378024714
order,-79.34351937770104
estimated,-70.75011895604044
line,-68.15503066547886
np_reddit,-76.20875261912241
1000,-84.53821323562534
harmful,69.7581151894281
et_al,-84.53284020857545
remember,66.38961011970987
goes,67.85039895391276
polio_vaccine,-63.301847414788064
fight,-63.68291049577097
spread,-67.17501708958733
groups,81.97359793034272
1963,90.32698308962544
occurred,-77.67260297099942
+,63.0966468130613
therefore,-76.90445615274105
twice,-59.17333808149126
wild_-,75.27257832556589
gates,84.38623290307233
al,79.52439619410917
coming,-68.52738109889779
further,-66.65976900513895
currently,71.59287028903454
list,-70.71412444273044
ago,-72.63862966974105
genetic,-79.09791547793354
dead,-60.2875480215481
vaccination_rates,58.185719993612814
together,65.28272429236102
university,-72.4372710667552
promote,-72.50740053295831
watch,67.39469788201329
9,71.96614869868348
events,-70.74816869142592
his,-75.92592916161735
trial,-75.40332440095662
vaccinating,75.60457752801364
measles_virus,74.5313048174558
forms,69.99884134699089
not_enough,-74.13715151234999
ili,-70.52665180471621
thimerasol,-70.51452138223449
adult,62.90013149211009
sense,72.57386327060043
confirmed,-54.18592415606547
troll,-64.01499726332979
i_ve,-67.99648395887992
dna,-74.91324658163502
gonna,65.8799412628215
agree,69.57646276273663
conditions,-61.890543306586856
encephalopathy,-71.42295879231177
test,79.42170219216412
youtu_be,-52.68292422055185
happen,-73.62992956627554
statistically_significant,-71.3281511225395
narcolepsy,59.786798724567646
knew,56.71901952001724
changes,70.4424668864404
guy,47.23998261016197
incidence,-68.77521572607229
technology,66.6540711296129
developed,-67.40675140770976
follow,-77.01820384377814
note,-75.15265912036139
soon,-65.20221091450547
vaccinated_children,-54.71041319575727
same,59.15204094823675
does_not,70.54643144067633
history,75.92981685929693
happened,70.48473340890118
second,-72.85784865374515
posted,-63.264113262241786
quality,66.68494198514014
posts,-56.14760543567299
get_vaccinated,-70.56103861220635
com_news,54.87461484818394
anti_vaxxers,-68.32405882747292
home,-78.94778427136778
sodium,-70.23167400419686
right_now,-61.73208775369957
kill,-70.07376659035278
error,-60.65502122117037
side,82.04327741685456
man,67.08245133213849
ridiculous,72.3816430842428
99,-63.8961950342224
obvious,-62.25622390369113
passed,-67.28990420607154
personally,67.31152134533912
leave,-63.08648431167632
a_lot,53.811607395123566
understanding,72.24950356229975
dosage,-76.62057053134224
week,-80.1148632182261
bacteria,63.276656770335755
guys,68.5933992381353
moderna,-82.21930159925202
topic,-59.5107234649521
regardless,-57.57280894517667
vaccinated_animals,-67.85589100067759
hpv,76.96244295938627
chronic,90.47296307909565
assume,70.6473728844894
older,62.92533038149543
published,-73.06177500953667
tests,74.21171783041586
run,-67.0889889511434
towards,-76.1954940971614
check,-47.10229316987987
expert,-60.7053058496374
m,-70.95543803022545
drugs,69.65240032834306
cant,74.6661901659074
end,-61.227413259641615
year_old,-63.2594530657666
20,-68.92040953596846
shows,75.58804892814777
argue,69.30881406786214
theory,-70.39577564905514
except,-71.75070790259036
vs,52.849961896594394
grow,68.20269694461089
reasons,74.26333781300755
story,-65.82624124748324
gotten,-76.13597813211335
dtap,-52.597970831171466
compound,-69.64681559056436
basic,65.74302256452378
contain,65.26822563742999
fully_vaccinated,73.86773611210896
its,-70.52421884559601
salt,-75.40557082369234
families,51.86325781029407
those,-64.60065608016245
methylmercury,-63.73084050555058
internet,59.63416378975583
should,82.03946314387261
consider,60.379458218425334
left,-54.163870658212886
love,74.11576845488582
father,-68.59258381383364
proves,-57.82517588613393
in_my,-67.66013836763514
gone,63.17138564388533
such,63.15802496585423
seeing,-75.87150311526759
preservative,58.43432934127888
bring,82.07298664048977
needs,56.56508848544065
nobody,-73.00923700668176
measles_mumps,69.92416575616217
hey,-57.034011540635696
vaccines_contain,-54.868590364274574
choose,-63.34849143398829
as_a,62.99240755923414
heard,60.35824524973171
associated,-61.08761710958769
consequences,-63.728545424266535
un,77.42071389234061
explained,-79.20339175890486
working,-63.95871987994394
authors,-59.97881674288754
place,73.04767844333244
bit,-66.40408084392166
tetanus,-73.75221994064628
8,81.07582094831382
500,66.23206595597348
overall,73.5682119571827
reports,55.0952472618787
unknown,-69.45721542630108
stuff,-68.50692099101752
30,83.60128061441424
multi_-,-67.36972182789965
increased,-60.54547287221492
syndrome,-72.16644581250937
came,-67.63617631894436
rise,74.22511473343828
specifically,65.10869792877745
review,55.70631300762812
summary,66.7023335719189
off,58.28368350290683
attack,76.13835597154353
lies,65.36683318759788
access,77.69752064093143
page,62.28206488653331
if_want,-64.83382919265749
table_salt,79.21485390137654
bunch,-68.73451240051779
lower,67.95323300673296
community,-64.05761485764364
recommended,85.02843342931855
28,-84.87773399127207
there_s,-61.11463172723071
difficult,-65.21152132373543
effectiveness,65.50122775731846
errors,75.11838843717675
born,68.26473081812466
went,83.63689743646746
strains,-70.91674914211218
hepatitis,79.72099867377969
herd,-63.01209146308027
censorship,-76.91924611913956
irrelevant,-80.3225672214292
statements,-71.40299544649481
22,-71.05548063261696
positive,-76.96582197903263
cochrane_authors,59.80755550524667
cell_lines,74.16155756321119
factors,59.4335985398791
anymore,72.50216265204935
race,67.46689310735962
antivaxers,51.96730342545855
thimerosal_mercury,57.509389779707256
strain,-60.538081806724016
about_vaccines,56.16888118113489
imagine,-71.98302008730788
play,-71.94094981178631
present,54.1840471138767
video,64.77054991157608
push,68.0911550306145
wants,70.12582018686766
diabetes,-76.07617248995254
ya,-64.27116078657781
cell,73.72063880173856
animals,-78.43194739290345
march,-60.178810833423455
reply,-51.38411558276509
china,-70.29073725517286
drug,-62.81167728323172
whooping_-,51.73257795559889
lead,-76.61669018954971
ethical,80.1604458405148
u,-71.80576244438164
trials,64.85302624050077
online,-79.59997675583499
control,-69.22217211086267
think_wrong,60.65430881586191
anti,54.83369896029513
welcome,63.583531098601156
vaccinated_vs,59.257781326652236
04,77.79794963621148
tried,54.258047359294274
23,-63.304095608092574
compounds,-72.25247756804256
findings,81.91468674047549
60,-62.141184332821936
unfortunately,55.496525792921204
s_=,-58.17270910416546
social,-62.25308825293383
=_webp,-61.32071967461469
png_auto,-75.3326638748693
format_=,-80.10184122436347
png_width,-51.83138017526267
redd_it,-71.78452815552151
:_preview,-57.76870810101089
x200b;_https,-65.7732653640146
epidemics,-64.1200729663971
shed,-63.92797467540296
15,-68.24908286469248
^,61.506800229411134
compare,81.71218256813286
words,57.14127940101758
makes_no,-55.61157676694454
;,63.554591906439214
relevant,-67.40753973624706
situation,62.4730632031925
perfect,51.498042783070666
reviews,-67.50477087331012
starting,-63.67181889063896
we_are,53.464399563842825
include,-85.5048286943103
references,61.73963581075625
by_the,-61.603917770062466
average,60.46865129151584
break,-76.41308753023196
provided,-76.28330787662287
even_though,-70.25919930323948
sequelae,76.50414365013579
failure,78.60457619199717
exist,-59.8753483402205
identified,-74.1833787308851
original,-63.40307347478155
him,48.50109908499472
dr_wakefield,69.8013773500063
hours,76.67136885222273
carry,68.97857416307865
confused,63.81171777601832
www_sciencedirect,62.16365866544844
com_science,-67.22760600684136
article_pii,66.08118923361536
significant,-61.41610794345941
add,-62.8940609687574
suggests,65.4677280894923
alone,76.52011327479228
couple,69.49067957449682
becoming,63.41936410915202
inject,-66.30193082884205
una,-85.88297609098116
deadly,-61.01255935037272
shingles,-52.25962276377131
infections,-82.27135447604216
c,-77.41596836608873
peer_reviewed,-60.477336388768784
independent,-68.04560025073154
confirm,-57.86487437712901
somehow,76.78905453678219
approximately,83.07900579702628
double,-60.09030273934752
i_ll,49.39025921160106
animal,66.89578390263394
illness,79.45265098062771
social_media,-50.31276561262158
d,69.22173972112319
would_rather,-61.67832306706253
regarding,58.39194652206381
just_like,55.893844730386284
the_government,58.35064707017711
31,-59.80896842634135
nearly,74.81026175157061
b,-72.74845222284854
90,-65.52949796563418
girls,-50.819166755683966
visit,-71.34791127336253
suggest,68.92749130153923
behind,-62.663780624476374
aids,52.768363098302366
phase,-70.19290079290676
allergies,68.01925611471447
chinese,61.561580220817866
levels,68.9716534268907
formaldehyde,-69.48193833859887
thank,53.32598503285265
act,-70.00602330845302
circulating,81.8915560167524
adjuvant,69.73915030510105
helps,-55.109255859683884
5g,63.73778003004546
rest,-75.88738052504681
80,-81.48214063865001
sample_size,-64.50481641197821
heart,-79.29420575138161
pregnant,-54.99866231464368
connection,72.7063969715123
poison,79.08360858443366
random,-70.06506196506649
created,65.68184519694096
own,71.83646740476664
harm,-78.32314344701413
contains,65.84983481200018
aware,77.50276761423581
worse,-58.98553689805932
immunology,51.91639345896073
2015_http,54.28571479096453
not_vaccinate,-50.53186712726463
personal,58.78050837109314
2004,-87.7613354025686
huge,85.5982671383098
myths,-51.1140554274697
table,64.2860471456362
billions,-76.16883087744233
pandemrix,75.44544443480427
finding,64.29796236154156
profit,81.33452935885806
h1n1,65.73073244969108
develop,-75.14437770680028
states,68.57668094693392
asd_diagnosis,77.70196999018125
third,-60.74929153287449
lives,80.20741324232908
no_reason,-64.04741457772636
injury,69.42780883367054
natural_immunity,-55.278849934410964
thank_you,44.374538065781145
elemental_mercury,-74.60912435215423
outbreaks,72.4885078077346
papers,-57.31701446478878
account,-71.77675188225506
en_wikipedia,-70.37216888749097
website,58.21612615603793
incorrect,51.52630777794354
benefit,59.64819323401097
org_wiki,-66.60740878080973
presented,65.8870630480059
rna,-53.399430833070376
once,-66.61958732540795
versus,58.01430405678534
suggested,-55.99431314410466
very,-63.51024713533756
okay,58.19815787008884
apparent,-78.44571311160989
49,-71.86171475798176
chemistry,-65.73745042060584
four,52.90551207748881
55,81.23805546115366
out_of,-68.13893338637881
size,59.57763247897745
progress,59.587496032046396
rights,-53.094855621974375
through,58.282928298327846
she_s,-61.20636325084318
moron,60.98736762447779
preventing,-65.67704348325385
suggesting,-67.07575074785306
scientist,72.0676095270373
studying,-57.93731033705698
brought,70.37572454295872
por,-65.27806949411821
los,-85.3551166116364
presence,-70.46709600215591
m_s,-78.97106833627446
foods,65.34867684961459
identify,78.7366109480716
the_truth,54.839731165467654
receive,63.257810915008406
-_induced,-80.47079634372713
harvard,57.346328185889895
websites,61.26019758465408
peace,55.678133895329545
expect,-46.748386225694745
liver,-74.18436591427498
indeed,-53.929760811175825
request,62.37859358762306
receiving,-68.07653596517278
-_biologics,-63.38389291426235
chemical,60.7627402147665
adhd,-73.2931609595713
allow,57.597181792912316
fraud,74.70220234718991
childhood,-71.26830942209787
pro_vaxx,68.825132014598
movie,56.18138023047899
willing,-65.3568078353445
buy,-68.2836188345198
lancet,-68.07645391760255
easier,-66.04189300118996
neurological,76.29108253374238
knows,59.4912786462998
pharmaceutical_industry,72.02206642616989
consent,61.09324890061628
contrary,64.7064754320321
cost,-57.79171043388668
unvaccinated_kids,-75.86244111045588
mortality,-59.58463521643852
injection,75.65952014475948
produce,60.19097742786743
per,-70.34763552374054
needle,-62.89442451951819
properly,-68.18919194508027
scary,-67.32498837138854
rarely,66.72404952586871
super,64.69665530254586
chance,56.53824888658753
14,-51.252479374637716
value,-67.26564275334952
according_cdc,-77.42144903476309
annually,-78.89922465816322
sheep,-58.395902597012224
derived,57.72773848319439
resurgence,-73.6172651642958
logic,-50.01238049223008
as_far,-58.86857103298283
edu,75.45038679389243
themselves,54.53744194846563
hurt,-53.34003252685535
sound,46.0818701169563
normal,63.195646230409615
claiming,66.5824422515949
28_days,60.396370418668546
for_example,-66.86102719211732
negative,57.363099588790064
or_even,62.84120917599629
methods,-62.71167228330342
flat,50.33361874483279
vaccines_causing,73.87483266373685
concept,-64.82258831988607
actions,55.80508038028258
should_not,-53.952493874286226
other,-72.7551169038529
htm,-68.10917398445945
killed,-68.02653851189994
biased,56.85471811834752
learned,-68.89019515394635
one_thing,-48.07031576416523
antibody,69.27507297939435
viral,78.14700901946692
considered,-71.70050242730704
co_-,54.337734548379764
wish,-63.231128989516854
have_been,-59.4119927986267
se,-70.61186227431297
responses,63.3212348722811
harmless,66.52755270135607
students,69.51926994815858
certainly,-68.63007891509928
10_000,76.08915833634958
0_01,70.07370665738469
responsible,68.79793444573545
complete,-64.94726581548163
simple,-65.51617931581197
in_phase,-78.48998178546559
handle,-57.426815151853404
continue,-62.22070313781444
-_vaxxer,65.71606928461077
accept,59.631583448129305
worked,54.75211900332492
creating,54.77881295358227
approval,-64.54633157644558
iq,59.16875043656418
i_need,-29.611961020789145
ensure,70.5656969252383
pfizer_vaccine,52.33081829934435
an_anti,-49.54348515206393
month,63.9565121387025
1998,66.70215850500568
oxygen,71.80438702711878
contain_mercury,-59.054240965748235
bot,59.76868695885753
elements,-56.670731742646836
adverse_events,76.00554308847317
term,62.852133819008095
2020,-77.75914393694258
laboratory,-58.800867618244695
seizure,-82.96813171071042
antivaxx,-60.74169428144671
13,79.44368845331906
major,64.55860465874181
27,-73.00492479324716
learn,68.20839682885193
basis,89.92790347178577
millions,74.70086811628504
united_states,-60.704161198880044
period,77.90870436617975
tiny,53.09512495391593
matter,-59.228668540020315
wife,-55.383467144532055
shown,69.88335797357476
open,63.82880866441727
susceptible,-64.93865986053017
need_to,-56.73029116287982
address,-47.324889723775506
future,-70.77959937845125
organic_mercury,-82.2790378927157
felt,-66.06064297242884
direction,-67.24574227584638
2019,-69.79988732061886
vaccine_manufacturers,-70.99661696601426
comparison,75.0191903816587
usual,-68.7942426027357
top,-61.46610381699989
december,65.05878038690459
coronavirus_vaccine,56.607031447448904
youtube,-49.53156735078271
am,-53.95718836860587
immune_response,74.16622411495567
logical,50.096684511838745
required,-67.1550565122667
growing,79.68021153143506
admits,-66.23298949737242
stroke,55.63932036133503
short,59.583580135827056
contagious,-55.42613536458463
title,67.79103651850409
took,-54.27944410578908
anti_vax,54.163517017939256
pertussis_bacteria,66.22239928415233
potentially,-77.9024114675504
vaccine_adverse,-66.77307376646088
first_month,78.60260883848392
chili,52.39952213371851
longer,-67.43663138953322
google,-62.82906018278259
proof_vaccines,48.41455663494136
petition,49.01417263339356
along,69.30014207752167
hospital,-68.70993706955147
mutate,-63.31290444411822
content,68.58950963249691
95,-59.32344728502216
win,55.911210644167795
vast_majority,-63.06917955961195
recommend,76.12949613338992
supposedly,69.56736649413502
vacunas,-65.51074931849843
first_dose,74.35008578477654
the_myth,68.70793847762971
allergic,60.689792907107034
established,55.99763118511591
all_of,55.46943521970056
sample_sizes,83.76850677307455
power,70.05344347130232
lots,-56.21676067738374
listen,50.70994717570725
1_000,-66.23239536043707
source_=,-68.2754644213084
imgur_com,-50.45433725693096
showed,81.2777790777271
er,61.06139994554813
local,55.05627778544225
they_ve,-66.81066859836798
count,-48.87777601749937
fail,50.44817909108357
draw,58.66834692853443
spreading,-69.67338221056607
no_evidence,70.07941380830377
childhood_vaccines,-70.25480584402065
throughout,-72.57608848728364
hygiene,-65.24172719247264
technically,-50.24024711496011
get_back,62.0540219286045
letter,-58.55039760697403
massive,73.32893709569359
impact,62.83893072205279
calculation_error,-77.75542932125319
hands,-62.87093711386637
big_deal,55.847445946364296
eating,47.79999211564375
political,-65.62141263273031
chances,74.12626623136556
pediatricians,-50.043757378834606
phone,-63.908182009514114
preventable_diseases,-51.580055793113836
trusted,-64.2797952342721
infant,-70.9811557116277
poor,-53.32275627302059
admit,-64.44818026475893
12_days,-72.96993333279623
build,57.901515403829045
in_fact,-72.00734687871419
never_said,50.661186165555236
cough,-56.78243465956653
sodium_chloride,-52.31982547614927
scared,49.23447225562092
woman,-68.43825166215919
context,-70.4120001039776
extent,-60.118823242147016
africa,57.5486640447766
appears,-51.77340837363224
assuming,60.53967992052314
changed,57.167556483178075
hello,33.870332238445044
fit,-49.935545585450356
absolute,-51.22654058821834
poster,-54.34388007962714
background,66.68648591013263
missed,-53.58000553024123
brother,73.5530405297305
and_since,75.84858799524041
press,-64.29696663515402
cited,-72.32117605199426
close,-73.8390761679423
onto,72.53579870377291
amp,48.8421896436174
concerns,75.65616670336928
complicated,64.14584023504072
vaccine_efficacy,58.382200024192514
unnecessary,67.0287418055153
highly,-68.91495493062504
epilepsy,49.057297304236165
terrible,66.6267137655791
recognize,-63.516313037665206
sites,84.88636967952762
shill,-59.58210804251751
house,-60.726725134826154
real_science,47.96726566565437
flu_vaccination,55.10319388378819
schools,-59.83197348924148
occur,-61.410428937079544
causing_autism,-74.89161834778801
catching,-48.47980588906578
mostly,61.86409277808714
considering,63.531182419438025
legally,-68.16699135649662
www_fda,-65.00132935345907
educate,54.7008912855879
chloride,-61.05800600924978
next_time,-69.2682913622399
breathe,51.99948516441356
white,74.23090771725897
particularly,-64.1419400316314
god,-47.958127842107764
asymptomatic_transmission,-64.96364347791994
adjuvants,-54.58276254808153
repeated,-60.04555035784135
vaccine_injury,-62.52468239702539
son,57.06201876801187
ways,60.3134229087419
seems_like,60.834529411590275
unvaccinated_animals,-63.598495727431384
makes_sense,-57.896408511039986
-_fatality,-66.92495106528376
10_years,53.10292011785218
putting,-55.04236823712124
ethyl,-69.96718661597154
vaccine_development,54.07212943724155
fails,75.6826259774352
vaxopedia_org,77.20656386010415
clinical,-59.111283333940776
besides,70.67644470126645
solution,-60.48990062523328
factor,-64.75894231243501
pharmaceutical,-77.23711778876236
why_would,45.69461098008344
hell,49.771862868938996
pattern,68.41579040679093
informed_consent,-87.37300331592544
front,-60.411728568418205
easy,-66.89167902926589
sadly,53.81980671231214
genetics,-71.56024794391065
autism_link,59.572041516112904
things_like,-60.53509234230763
leads,-69.3683566865121
mmr_chickenpox,-64.59174999290907
aren_t,-68.40014918107916
area,60.35360734651298
decrease,-53.627745353820465
evolution,-73.29094585067298
they_simply,-61.639485983774975
cdc_gov,-61.52561353171412
whether,-82.88679687351123
vaccinated_kids,51.597772394126075
rules,-64.18299086552943
p,-68.89632551630056
the_conclusion,-64.9439742647595
due_vaccination,54.77614996983838
friends,-48.58881278145452
looked,-73.48233164036695
tries,-59.023206746806785
seemed,67.94707725808256
step,-57.66204641577584
perspective,59.098926497808534
unethical,-72.94149855482425
received,-62.170460368427825
hold,67.19167396837561
via,60.09012430518573
cardiologist,53.65461202544848
cold,-67.32060923218579
pregnancy,-63.49612326839711
vaccination_program,47.9087513490927
sad,-50.415797414510976
antigens,-80.06179727136403
base,69.18673489406656
possibility,-58.86509751258255
eventually,-74.00101912432814
haha,50.370376916507034
april,-53.49717377082033
confidence,58.47837059160912
com_2017,-62.09037574347953
ass,-66.45262665276309
n,-64.08450976890195
funding,61.66536236402074
boys,54.02339211033554
del,65.79201964591626
garbage,-56.33736524860519
immunocompromised,-63.957350736147816
walk,65.8909118589402
worried,55.06489180504071
increases,-93.85431966012143
subsequent,-89.62860664316894
development,-72.08323356382085
concluded,-72.65195210922208
previously,-65.20003133164673
had,54.69731099006707
nature,-66.79247443136312
12_children,-72.45678471631898
bias,-67.47092472364955
million,-71.92453909662662
included,66.84044815732621
forgot,-59.48294887138384
perhaps,-60.64862320095459
experimental,61.18835011009017
previous,70.65076536948406
flu_shots,-57.75587921918602
ideas,-68.63971851498603
quick,67.9216757108698
this_article,-51.118562433950416
fallacy,-66.35877530627371
treat,59.71966944628903
double_blind,-70.48229919330102
bodies,77.49182264053222
physicians,-60.738830960722765
vaxx,-65.6430523034975
badvaccinescience_comments,68.15452304913379
odds,-58.45238417266853
controlled,-77.0330335336762
crap,64.16048966154135
1_in,-59.871525444186105
dad,74.31420921905725
appeal,70.06297112754139
bother,-63.17003647007689
goal,60.89364638019876
earlier,67.6564155365436
there_difference,63.120783809275075
vaccination_schedule,65.38810877322149
tobacco,59.959595709325285
dihydrogen_monoxide,-34.268587757370135
adverse_effects,-56.83353466394865
diagnostic_criteria,-73.71636037669198
an_unvaccinated,56.48110458326133
diagnosis,-73.33449609753643
bringing,-67.51132565151823
70,74.59004438046382
if_going,55.512624003140665
scare,58.64839120346912
bottom,-58.130883756702914
pharma,-55.65738635026
speculation_motives,-57.40400123289669
administration,-69.77592253408034
-_cov,63.28380638285395
infected_measles,-70.45243936604648
doesnt,58.7987329774629
titer,57.99070390933604
1962,-78.15823925778759
around_unvaccinated,-54.541223616010534
ignorant,72.71116191346091
autism_tell,61.9651543317952
es,-63.761446381373545
missing,57.63708769291849
mortality_rate,57.02231828310172
danger,54.392482646515845
developing,-67.57411770116234
reactions,-68.39523084639018
supreme_court,48.25281722309261
process,-67.15073440655189
1970,69.27036173947985
eat,63.80982493097031
changing,56.888063379379595
laws,64.47994657731202
going_to,-47.627760148726466
wow,-58.11089585564591
expected,-75.75446753573911
uses,-56.94295597190008
16,-65.08256261426256
attempt,62.618809510773964
org_news,-53.30149862101848
it_was,65.23654579506486
mg,71.72915448275809
sounds,-72.19072481597466
mention,73.20193221480176
illnesses,56.9806476074481
parts,-54.00354060647938
properties,60.16581392713098
natural_disease,57.185196423882736
no_matter,-52.13642674242668
range,61.634997331327064
atoms,-73.33931287857128
investigations,66.88943758388136
particular,69.10685301545821
youre,54.11615880495788
initial,-66.25460545485551
r_conspiracy,50.83845945480857
95_ci,60.514148968588785
vaccinated_first,57.609166224375244
event,74.90022096055372
tuna,-68.1959363463402
speech_delays,-70.8058060868477
hear,58.421423973462346
determine,64.71897342808512
also_found,-67.31747736121595
pubs_pinkbook,-58.19181530413262
you_mean,-56.854293195738336
immunization,89.49071240995785
pathogenic_strain,-68.27079845412877
variants,62.345692294841385
heavy_metals,52.29360392445666
situations,80.88382949011037
anything_else,65.80303954651338
good_faith,61.902828495797486
benefits,-56.71554245657831
resource,-54.8759708866613
39,72.79532398451924
as03,-78.87914428479753
convinced,49.75190342127589
explaining,58.6115944511228
fewer,66.73093793225289
their_children,54.6743584145347
2014,51.78553606971181
memory,-67.77967066189528
eggs,-54.693980750011775
fault,61.26626282562112
com_article,-67.84775600582302
dies,-71.54723680203803
compensation,81.11737317508393
tells,60.90109803230573
combined,-66.18342403766799
kinda,62.09143828180232
look_like,-60.04632667671854
immunologist,-62.489878080828696
reddit_com,-40.39271593940744
protective,57.92424304526435
microchip,-63.7186310650292
opinions,-62.56841334916006
milk,-59.32719189699782
quantity,74.70731081524619
season,-77.8334368072842
adverse_reactions,82.77194309689187
performed,-71.78003968600504
near,-53.578770834498435
im,77.90338253464631
skin,61.30683022548828
what_exactly,-48.438985145925066
self,-68.9983015254207
answers,54.06483562376981
are_bad,-51.21279219892444
neurodevelopmental,58.82339277458872
rate_kids,57.66046224118829
that_thought,-58.00556903340741
vaccine_contains,-45.58367047171168
movement,-64.84851522957327
muscle,-66.7640470485841
hg,51.412973562072736
canada,52.02745034138975
pseudoscience,-72.76669409023641
two_years,-50.24289515963886
2018,62.199361931706555
until,-57.31215300453088
ncbi_nlm,-65.2897930524523
happy,51.97154272502242
reading_comprehension,-46.51921450127814
meme,-50.67872962310925
boy,50.75543798348427
distribution,-48.65623013312404
higher_chance,-80.39525050598809
efficient,-59.15031471183466
who_int,52.87100300635433
got_chicken,-56.20056095689064
-_silent,-58.61071838975138
applied,-53.65784806681628
proper,56.41260504230778
complications,-52.950718073717304
includes,-59.87085561605854
-_mice,64.35135055469398
assumed,46.42083777014948
acknowledge,75.01141787431334
-_transplant,63.041333090435295
vaccinees_not,-73.84487559778779
reality,50.455680729790416
wondering,-67.5797852355687
organic_chemistry,-60.78287428673378
trade,-69.04414242329831
every_day,-56.04557196395122
beyond,44.431103547751434
opt,56.99260150161601
cognitive_dissonance,67.79467997768752
assertion,77.55545803485927
planned,52.58271138561084
americans,-45.591482498621595
excellent,43.99918972016089
your_link,-62.3972222279813
more_than,61.74119203933658
vaccinated;_march,-69.32793369740516
primary,60.35280842466014
tract,64.08803313470665
rage,45.49031242240106
six_months,-73.24479266958225
barrel,54.29049093885647
federal,70.49559251262126
insert,-64.11712399601444
america,-68.07570635726012
narcolepsy_cataplexy,-57.56874263560491
something_like,-74.158926811289
penicillin,48.93904863848049
dtwp_vaccine,70.75409989337639
caused_autism,-57.29103374212628
mobile,-58.94225749130512
linked_to,-36.51681897977187
seeking,56.70489251837128
did_read,72.22229086158228
y,61.57840979785649
-_gut,-65.54644242010461
analyzed,68.08076422706914
oxford,-54.443027873898515
reasonable,-52.34842804809813
vaccine_approval,73.70278533448334
begin_with,-61.06251260400414
vaccinated;_april,-71.71771553144778
blaming,-53.33470686373049
symptoms_rash,67.37996682377057
uneducated,-68.1877459418294
improved,79.01324588828783
fuck_you,46.204093672044024
fecal,-62.308585355230974
satire,-47.91818851821221
wrote,-60.8939172588523
shoulder_vaccines,57.46658024859251
huh,-35.15203429481105
daughter,61.202037270845864
math,-52.15018478008596
retards,-51.13830188949454
transmitted,72.0326567807841
nih_gov,67.07862282658958
many_scientists,-61.74144087331677
so_many,60.45760979425663
han,60.46202148435124
unvaxxed,-52.999648695440364
pediatrician,-66.60216320351869
gov_ncbddd,55.78249065529213
vaccine_reactions,73.49581850912836
x_-,-58.623937067530115
haven_t,57.82984280654229
profile,-60.569993715987664
girl,44.03874880766151
referring,-56.24006771916278
explains,53.564510342345514
thousands,62.50023074809186
not_worth,-52.64353874565522
i_e,-57.13721299757142
whereas,80.59854049843193
org_wp,81.71489624180192
upon,54.289546119770876
1960,-55.54254454485902
content_uploads,54.510672909799396
force,67.84385410475778
eugenics,-54.75194424849374
hiv,-60.68060405404574
encountered,56.36876121317448
jpg,-61.827560587144546
lines,70.3374238172629
kill_you,-53.734474317435385
each,-63.0567419279413
anti_vaxxer,-58.99796315781749
ability,-63.81779413574698
anyways,53.31450748916523
alive,37.68760442404486
prevented,-64.55713862335031
long_term,61.1497510008264
challenge,55.42195184049874
plague,-53.651116264554496
freedom,70.22713373084329
i_d,-66.61085975037604
fetal_tissue,62.42729953423356
air,-77.42890254511255
two_weeks,76.35047331838409
constant,66.48770205789475
interpretation,-81.01626636225761
ultimately,-53.699124221409335
smaller,61.36543142225928
routine,-62.821073547320665
safer,-60.29392038879351
date,-51.282635994322945
www_chop,-50.10187786790903
controversy,72.90491641961631
outside,-54.93403746058015
figure,-66.38347269784936
hospitalization,72.32699636935138
host,67.05294240914112
en_m,76.95302683798117
wikipedia_org,-61.80292226672638
93,59.83205288543131
wiki,-83.8935900865951
remain,-62.813098022571275
measure,-54.4504681393415
damages,60.93148435806081
examples,-82.24196203585528
18_month,-65.06063524446343
please_read,-57.183120522125925
aspect,62.57553157933971
29,76.6832396854586
sounds_like,44.1328325804626
record,48.01088117321875
greater,58.9084818075886
profits,-78.41572542741707
kept,54.63228898804654
wonder,61.4054388844241
cervical_cancer,-58.07041365643753
the_amish,58.92336519427824
edu_centers,62.22162495547583
lymph_nodes,46.44255396842386
computer,-62.00905588213174
human_body,61.307739114603024
-_programs,51.69388538188774
-_center,71.39366458979407
-_details,-75.92757368802258
infants,66.58836342451725
this_interesting,58.43096555686222
breastmilk,51.071277507828455
respect,57.81841296590832
spread_it,-64.57693009803278
varicella,53.3656494528347
with_a,-53.48638389202428
retarded,46.87223813962599
discredit,-80.42875027634076
condition,-68.72107677726235
worth,48.91612261068836
compliance,79.71554770534593
autoimmune,58.30318910316521
debating,68.26447793293833
ap,-76.85068058292923
appear,-72.63226073675766
relative,64.65174857031309
s_right,62.279795168019355
use_of,57.4499728479586
many_years,-64.7236203448858
became,59.48923691117631
funded,63.117259362482585
northwest_html,-72.89510868396994
glad,-56.08857993365808
vulnerable,-80.55771952262029
relationship,-63.37849998957903
definitive,59.588197587686686
-_pacific,55.842598294317874
youtube_video,77.46258946451456
causes_autism,52.575974643357654
doubt,59.1796641567875
-_declare,57.963932376310666
vapp,-52.891210450262236
mandated,60.778464594264456
medicalxpress_com,-66.24389262313093
third_world,69.65782402022862
gov,-70.22239717816366
permanent,-69.78502883679808
mmrv,-67.01397509890789
pose,68.03961486633317
healthimpactnews_com,69.1716426307955
insults,68.55653282496095
insult,-60.20524303678479
acellular,-50.27868444915459
drs,-61.0233735538185
rare,-61.236885064501756
legal_channels,75.41527010249065
smart,58.174086368766936
carriers,-60.138658057409266
have_a,41.07987359767683
24,-66.9153294325974
live_virus,62.879515484088536
get_sick,68.36458413925808
mostly_vaccinated,54.83380738526622
news_2019,62.95176014533291
set,-56.86201440587526
mandatory_vaccination,-57.54086862613243
observations,-49.969904724782374
how_many,51.6775059532212
numerous,58.22521426727962
3rd,-60.42018730729814
has_anyone,57.89248091109825
infected_people,62.65909003764449
african,55.21347179321639
bury,70.68140208723966
fake,57.98133694421094
former,-74.41835068721218
reliable,51.506378975105335
war,42.97455721596051
bill_gates,66.9289827195414
threshold,58.59656706946112
infants_born,67.18023362052091
south,-60.62000014283907
comment_section,-57.414255438204776
kinds,-52.357287259773685
subreddit,-58.11141428094772
happening,-58.23972386429459
extinction,-60.227074576077875
vaccination_status,-68.65226544947346
bizarre,78.69081533033618
cell_pertussis,-71.27921179241795
remove,-69.1309256944619
distinguish,-77.63236476354835
confirmed_influenza,64.21144073849919
october,77.40049824482458
diphtheria,-70.74611681755725
june,56.934583596585014
plus,60.75588160286574
vaccine_effectiveness,-61.15745197376331
program,-68.97699851936301
feces,-58.43127171437437
cochrane_review,68.4834875778491
85,-66.25016812126796
make_sure,63.92285867737365
addition,72.58191027416503
forced,55.646236811309606
funded_studies,-61.6859829242378
to_vaccinate,-47.995364688262136
ap_vaccine,55.35632295472893
absolutely,59.490373287926225
essentially,-66.36596206259594
educated,61.49057893725573
improve,-72.87189099302776
containing,58.318158061439625
study_published,-74.42917929557463
reduce,-69.06022749014464
say_anything,51.755215651591186
discussions,80.15725207678277
added,-66.83364766712562
disprove,-55.54242988024848
encourage,-69.7880794223462
results_study,64.90541466112192
appreciate,52.88772821410113
playing,-54.80533100040528
clarify,53.327584915280404
ignoring,66.70577404936739
rapid,-63.62492512525942
across,-61.9391304403453
open_minded,-57.69557567581666
21,64.14346914914316
lying,-63.70236979942341
role,62.2569324952885
death_rate,51.035635225585196
www_thelancet,-67.40677857271817
long_enough,59.72724237378801
people_live,-62.5724542580637
piis0140_-,49.42180385726264
72,-66.83400542162579
observation,62.72325109753134
microchips,59.23108272402458
pharmaceutical_companies,66.22316453802226
clarification,-70.20863240925682
neither,55.245495232233296
studied,-57.45149388629965
legitimate,57.226126640123105
experts,75.52139541572055
consistent,62.40122773267852
product,-69.04607856359424
silly,-43.43132546873362
sex,-70.4059884042235
recently_vaccinated,52.58779441942825
search,69.83835764075305
revoked,-64.70454479506972
2015,-50.800202576526594
approve,-65.04982497098484
probably_error,-52.31351475302002
relatively,-76.8691176662866
mutation,53.93092169720738
claimed,-69.58987537166875
calculations,-61.6926001263153
conducted,-65.00605005290711
tho,58.3319435679629
gives,-56.66205006541145
practice,65.1146002063927
rule,69.86118644766296
fish,-52.822147344930904
com_journals,-66.04341934076507
even_read,-68.26988659017218
unpublished,-65.4446006937059
law,59.9473511241144
agrees,-56.666079137073936
increasing,-56.19576988141315
chemicals,-69.04502442207877
morbidity,65.32625450171099
97,-74.3307445824316
admitting,-48.34276985893697
five,53.83526718757224
thus,-59.38590622755326
procedures,64.41410028369889
healthcare,52.26125631551772
heart_failure,64.42357202923229
effort,-51.14790902022477
waning,-61.19660312138551
debunking,63.12108756483878
husband,61.46664555181911
presentation,-65.6509240682756
clear_know,54.47597522072265
reach,-66.27480780218097
repeat,-64.92978491807712
partially,62.86184523928274
spread_disease,53.19946922252809
studies_show,52.04697722561234
bet,46.752003122036704
you_keep,54.81425211746936
essential_oils,62.628728687923555
-_depleting,-59.5686436588197
accurate,57.94198813709149
undergoing_chemotherapy,67.28602403004199
2016,71.02014346829367
thoroughly,-70.04962523400867
unlike,-63.74998082324254
location,-63.01870582955106
know_everything,-52.739434608974975
reference,-59.15801448535568
comprehensive,51.86878395013953
1994,-79.82075701084196
1960s,-64.85890196377721
every_single,51.66570304230884
seriously,-50.38178038555946
they_re,-46.54409862282794
version,-73.13000084298052
250,69.04243395985375
critical,-73.14894375614479
insane,56.593750850301845
medications,84.27026316433833
warn,72.14657675218605
statistical,75.95756867338346
filled,59.05538098068654
shut,-37.353973261267036
per_1000,68.9895538357541
vaccination_rate,-51.64399210461699
quickly,-55.004426611182865
fraudulent,61.45617866951602
differently,52.29572557256148
clinical_trials,-51.81798523857456
barr,-61.375256598705874
years_old,53.28443054019862
dunno,-65.34674261081713
antibody_count,-60.16722384432576
majority,-71.8888365901348
measles_cases,-54.32064018706532
hospitalized,-74.73790374116017
ms,-62.77638984004567
calling,-60.24936194830891
younger,-68.02914142800802
fortunately,-73.66435208977332
inoculated,49.56490820148551
larger,61.984037711672165
ah,-37.495843485425034
wake,56.66537600736442
surveillance,-71.48358170598163
ad_hominem,-75.8047498135721
2_per,-77.75547923434341
views,-74.51294557564924
literally_everything,55.585215531344225
turn,-61.97342517094639
dumbass,-44.589016733175704
remains,-70.66839669756587
-_tea,-67.367756721913
congress,63.36447886454144
spilling_-,69.17982191127224
identical,-58.607212674199694
sister,-53.162046607639006
carrying,-62.696988368312816
at_least,85.42034337214741
protects,64.47517715521842
medium_=,-73.73346583511052
quoted,59.3556392719844
immune_systems,78.24070523982988
it_does,66.52807337379038
outcomes,-58.70843396965006
share_utm,-72.2674502252637
ignorance,-62.697040908802364
company,-53.58813775014145
stay,52.43970750911448
introduced,-63.78430858209095
february,-77.90565132041775
reputable_sources,47.130837223018695
the_fda,67.96332581723124
cns,47.99095875682242
mutations,-73.33001085163406
exists,-75.33817119654074
side_effect,-54.40429498959073
minor,-70.62919388615003
there_lot,-68.22581149189841
room,66.42329307761858
happens,-63.907482327624585
male,-66.24304186975034
commenter,45.849868771359645
yep,45.408907333136455
greatly,51.0914585896727
topics,-67.64696671503883
loved_ones,63.54485490177052
suffering,-63.06515800799817
eradicated,56.791098339728485
brain_barrier,-65.30554778786093
ironically,61.993086285752305
conflicts_interest,-60.936107899889315
absorbed,75.31024868188004
substance,-56.31586550977077
significant_associations,-86.0455191629415
idk,-64.74147711853091
atom,-62.949035665501775
fold,-67.35439612197274
second_dose,-73.06265807106077
finally,56.69941602247471
physician,78.58287285082133
jesus,-60.650988175712314
health_issues,62.14567364693303
so_please,-44.94840443457982
children_received,55.63883675581742
impairment,-68.8940043376383
measles_infection,-73.24983258537564
dying,-61.045756984267776
vaccine_schedule,54.9664990942692
2005,-68.27988513638188
medical_license,-67.6929190801783
vaccine_patent,63.3356562023507
committee,-57.50482842251107
good_thing,71.2731503551041
the_1999,-46.64701882410486
btw,-66.12814275539081
save,-75.97816066170202
rubella_vaccine,-72.3258127795313
pro_vaxxers,-67.30340029141617
de_la,-74.62173271524577
threat,-62.25253268466348
cannot_tell,-50.22265052881559
climate_change,-44.06439623080851
atopy,57.48729956935832
sputnik_v,-74.35255737659472
writing,-58.85874249844757
at_point,-69.3301120327778
inactivated,-58.61319301014138
scienceandsarcasm_org,-59.993757997659536
affects,60.58487878721638
elimination,-63.54818314461561
unavoidably_unsafe,62.66490328743563
recommendations,-68.22025047360128
odd,51.669381324799666
cons,-77.14211077037419
de_los,-69.29436409549348
eliminated,-66.09919977167377
written,45.77520847961301
died_of,-50.66988328438477
viral_shedding,-81.30464516182582
transmitted_others,63.28849252228032
acquired,-69.98735832431349
cause_complications,74.58564401935195
spot,56.37731158087229
live_viruses,35.88104553978001
pay,66.98581962129214
ratio,-42.84955200220909
drinking,-62.94887479524122
100_sure,-67.84488109796715
discredited,-58.8445339771668
i_almost,-62.2520926146835
immunosuppressants,67.18802558424404
may_be,-48.95098498331253
examine,-88.3940818188888
strongly,-59.823563687257035
spectrum,61.79532472322721
parents_concerned,-45.273412108379894
com_doi,58.860989932698075
pathogenesis,-49.83195593471635
scientific_method,-56.39987382706511
manufacturers,78.46454090795837
similarly,-53.495876751012574
sids,-61.006316910095585
vial,47.65518562862581
contain_thimerosal,-64.37933902682386
previous_season,58.77707874449776
ban,54.93592918589644
we_should,-52.61610178099182
research_needed,-68.69270069259767
gov_flu,56.316819590924574
on_reddit,-48.55853382238861
encephalitis,-51.15876450666691
static,72.32011614323169
medical_research,62.129734074968276
contracted,-60.94722897416414
populations,-60.62165047000148
less_effective,60.16202399493959
al_adjuvants,-60.50481273519988
recognized,50.297005975172226
neurologic_renal,59.68037926560559
them_!,37.39866034937526
simpsonwood,-60.306647962671846
lawsuits,57.551942940855795
debunked,44.409376924096264
hhs,64.58778182975071
brains,-63.86201214598742
multiple_sclerosis,-73.00022527151488
lab,-78.84102536943111
safety_studies,-69.23519495850512
seizures,47.80388412570278
realized,69.31128852384352
decisions,67.76944049432758
moment,74.41258207311976
hedrich,57.12397780583133
disagreeing,-54.85673657467106
understand_shit,50.449531645306514
por_ciento,67.70742854353692
en_el,-58.666221495780384
hab_an,-61.54717676479091
ve,-56.02007390379748
dos_vectores,-75.5226732419637
gish,43.717130591588685
permite,-59.53669600499227
contra_el,76.36514513325167
so_answer,54.12064826233778
uncommon,-53.30520759767747
entre,-48.093556913016144
que_se,62.477567188990804
peer,49.71414639498172
tiene,-68.31822037816193
graves,-54.97911892842047
lo,-62.349203538997465
measles_outbreaks,-52.948761801769855
lengths,-64.46087286872803
one_might,-76.17662983876673
adversos,60.35473392235038
otras,75.83930480976215
damn,31.56337480877834
tambi_n,-71.98787047153134
scientifically,55.00687617051833
vacunas_que,-53.161301582348884
pa,-58.95153463485797
monsanto,-59.82422516293614
pathology,-78.92989299396918
su,-68.97979159078567
adenovirus,-72.41044533692363
de_las,-48.769503919478815
vaccines_lead,81.24549653990597
rr,-69.98473477050999
pulled,-60.154694628088436
eg,58.52952503590261
biontech,61.04721853094039
stories,-70.10156865545632
yesterday,69.23385036514516
ca,-59.267524326962246
trump,61.14875930403123
tired,61.956846783886746
sputnik,71.32216744920784
get_new,-60.06882956962363
global,-47.95600533457805
94,-54.97074279775381
round,60.17712925170473
but_hey,-52.810233122726295
treatment,65.54733417655713
got_shingles,55.33765666709561
fell,50.54195580516593
siblings,-58.034741794674844
compliment,49.812866357275944
causal_relationship,59.9388177772167
late,-71.74779352368259
yet_clear,-68.65965831501451
healthier,56.15691819706769
thoughts,-33.970262076105854
get_shingles,69.05896675557737
contributing,-54.47985183320776
vacuna_rusa,-61.46540830925239
men,35.795283255319916
sido,-74.65597475748575
ha,50.663522984559826
impossible,-72.59637186050634
discussing_vaccinations,-41.72881868365495
subs,53.66914930952338
300,-66.68527871267695
service,-55.95798350439671
us_supreme,81.09536553531825
on_your,53.17178547242136
what_s,59.31377748791741
aka_taking,-80.8809106501394
away_individual,-75.28840770191961
why_do,-55.959453242200404
choose_injected,-72.19701029249981
body_despite,62.530630281342134
numerous_side,58.148128842514055
full_10,-69.64382716432729
basically_saying,60.390070005543684
lo_que,-67.94814632777681
policies,-47.402783862110404
vaccination_movement,-49.79429713359638
dear,-46.503908550371584
began,70.97609729340707
chlorine,-52.68146752470703
name_calling,50.09419068336076
1986,-59.46233958259328
are_fatal,71.33534105232225
surely,51.40558097821855
1000_measles,67.32268805107529
liability,56.66078784207938
grammar,-49.739280656592825
pro_diseaser,-68.19306266770758
spam,55.331902556562966
1967,-71.03999980236422
under,-66.26857232884979
vaxxer_i,53.30285856424337
vaccine_component,73.4288549967351
respiratory_infections,63.477022516593
one_person,-48.36900561661864
distinction,78.8739561192336
-_vax,-42.30743241600355
es_un,-64.40713870602818
arnm,45.40866097415906
up_to,53.220772486586355
van,-54.880706724008014
opposing,-39.185496404958805
interested,-64.2286264160957
sound_like,-51.29129771228145
police,49.208111303600774
lancet_article,60.56086864930282
fbclid_=,52.97190531733654
assumptions,63.232095557049895
status,-47.26000728371717
conversations,-66.66162559074209
sign,50.34849007241947
takes,-53.765315145955626
edit,-33.81782392758831
saved,-51.795398589711645
judicial_oversight,71.30027493634266
debunk,54.903814325374185
baseless,-54.2474767914469
anybody,-43.70027350136292
doing_what,-59.61313527356168
with_an,-46.2336057214798
vitamin,42.41943623991262
need_help,-53.237034675808474
babybumps_comments,45.15166743215764
behavior,-76.49810470566787
avoiding,68.20848716289476
coma,-51.8005289500496
reviewed_studies,59.06298410842357
witness,-54.5409782445222
of_an,60.15863539431859
know_better,-58.02521565217478
aim,56.0514362898992
gene,-65.8675677620609
nowhere,-56.70056235146792
2018_08,-59.60661643755043
dropped,69.12386981590578
take_long,71.33120583858664
pmc_articles,-56.24583162659297
www_ageofautism,51.505365117440846
cancerous,-51.520694132639015
people_cancer,-62.80827203257987
participants,64.40344651309633
checked,-53.24329229554562
discovered,-64.77705009733401
com_2019,50.04361528694904
vaccinated;_july,55.22040613393981
autistic_children,-56.179074169530416
proved,52.74308189453964
names,68.37645037642051
pertussis_2,-60.243230738092564
el_covid,58.20537366501361
nhl,-62.27096094255606
sick_vaccinated;,-64.92555555154091
not_afraid,-51.72873399259142
memes,58.89095222955536
actually_read,54.48791139363492
nowadays,53.56510166914502
a_new,-59.209457062630435
biochemistry,-66.04586424309575
true_comparison,61.785109342202034
not_attacking,-66.91533927746622
the_implications,-35.49702633354054
cleared,61.03383961904475
meds,-53.13489745027082
pointing,60.421170109867525
into,-49.360626815248104
good_evidence,63.07743413874676
cross,55.179766082821416
not_sum,59.90670790215542
differences,-57.8599171530879
conflicting,-49.62883040833865
really_work,-45.397487791649965
poisonous,-53.61764688795307
vaxx_movement,-49.919689625309395
website_www,46.78840617795345
worse_methylmercury,-79.93846787491125
resonance,-61.39369077433076
decide,-44.7334139800418
two_things,55.43438907368119
iom,55.36924291761696
both_doses,70.26517673049332
serious_acute,-61.45276155725735
neurological_illness,72.68663731522275
dtp,39.241732178135955
bc,55.993277240341556
schedule,61.49325102549887
institute,56.08662802197865
reuters_com,44.59261912213428
concerning,56.990912038532635
bud,52.88379128371291
pathogenic_measles,-62.40924572163244
formula,-59.878737954851026
vaxxing,-42.244676984718375
type_measles,-51.762853370191344
bananas,-63.379825527142046
clinically_indistinguishable,-62.1295187776555
sugar,-61.95570321230476
stick,-64.31895388807428
g,48.41303323412243
delivery,63.54381021588706
measles_component,-49.19611707777781
physical_reaction,-49.69743012101221
124_170,-76.31821468882343
infants_vsd,69.41595275455012
vsd,80.51761304780433
canadian,50.58477082363861
facts_evidence,-49.92742350445881
ii_common,-61.64263479901097
disorders_associated,-69.81921904802411
exposure_phase,-65.91831155462941
1999_pilot,-61.69717287507406
titre,56.11829918516639
wasn_t,-49.97231400501343
going_blood,-44.34523020960512
canada_:,48.42093641863242
going_digestive,70.77385484139387
15_years,70.69784619015432
deal,-53.082334104837216
causation,-55.86755586124653
rash_fever,-67.5522018780771
vaccine_experience,52.9896006867607
magnetic_therapy,45.01820481895686
ingredients_vaccines,-53.6627046055151
going_die,44.37743408857024
links_autism,-65.81328157196175
memory_cells,59.37179306769236
combination,-52.98750200587663
hoc,-63.518627199632874
vaccine_campaigns,41.74058397763942
carbon,67.78518847751961
spin,62.581191463704066
no_association,57.2955008051396
dysfunction,65.77952668146725
yawn,-30.65085625904929
2001,-53.15273754304868
rising,51.769818759851105
danish,54.17146500244343
recipients_measles,-58.31613350281093
dormant_gene,-57.824568184445305
we_draw,63.96970379735953
no_universal,-65.76761491765537
conclusions_study,-50.66781953572812
danish_population,62.212282462323095
preservatives,-54.51203141557006
insufficient,66.3336083256431
cause_damage,40.27506231985671
scraping_bottom,57.56753056844127
depending,-59.78542378332243
summary_yet,-67.60796213082452
it_answers,-67.83387932798921
it_obvious,68.2012977954475
abc,-70.93711742644123
poor_analogy,-48.817729232962954
released,-58.118408788891145
my_daughter,41.59867951698639
slow,-57.53260258805706
already_said,-64.00371680758461
inert,56.36316489782358
aspx,58.08414345408094
randomized,72.99308735490523
my_sister,-71.00943281115526
highest,-64.64713086057357
skeptical_raptor,58.11526078374817
occurs,61.59701582158286
indemnity,51.89846013167409
cbxeou_skeptical,62.989174736251854
raptor_writes,-71.98997548224197
flawed_article,70.35990674130713
on_aluminum,58.13022868027145
however_scientists,-50.00427488095509
inflammation,71.00496213038616
sharing,59.77262908602471
controls,58.480054147401724
failed,66.15029826674935
almost_every,-72.55730054137913
1961,-62.951841731649104
thousand,45.58373280654202
statistics,-46.560595132879506
read_transcripts,62.34577550605764
ironic,-42.60512072097629
verstraeten,-56.39023429320359
fauci,69.45697097599592
ii,65.97131493317767
pg,-50.35745684998551
pages,62.330160632468846
participate,46.466079796154446
assessment,-59.927385765074845
immunity_lasts,62.45971882077942
i_redd,55.209229805422254
j_j,-62.414808281002834
able_to,44.83577293581723
decline,-73.88764918516027
legs,-60.78220279362914
study_concluded,51.43188999072398
hoping,55.34902807719822
explains_:,-58.976161240083464
certain_percentage,-63.426434038569035
brave,-23.521107979552124
interested_in,54.38109434157878
we_re,66.22160440623472
viruses_bacteria,61.56689091741878
match,55.24773157043318
require,52.8419968359718
opened,-61.58612744819001
last_one,-69.33779123234066
separately,-50.87807425331412
vaccination_information,-51.782907047978554
asperger_syndrome,-52.695945816837565
elderly,-46.13381815875871
gut_health,44.15264510341249
billboard,50.62887798587504
sinovac_vaccine,-59.39889653167849
brian_deer,61.89084921499936
fallacies,57.29878575697118
murdoch,-60.83978153356533
dealing,-59.23952786587588
maybe_go,-61.58968363901829
class,-71.14238158585508
concepts,75.73113165502079
makes_poison,-48.21841788063739
justify,-43.72376206296091
if_latter,-62.20359422570002
yes_course,48.6935136629996
covid_19,64.19581598505233
pointed,65.61352587701938
dishonest,43.33634353075475
not_interested,-57.92721340790313
triggered,-50.43501429807457
contaminated,52.916174590300706
really_can,-44.867989724356654
bacterial,-51.71299186673687
million_people,-51.82105266600005
contradictory,50.85672747378426
you_clearly,-57.14272250945124
spirit,42.67461131660931
solid,60.86229015473956
respectively,-67.31541518669496
data_points,-54.35340462926774
curious,-45.152970841592094
-_chain,64.54763880226145
physiciansforinformedconsent_org,-65.28526438888603
my_dad,-71.47510509353968
05,-57.74355823663868
patents,-72.57506696036873
lifetime,67.15411286798137
summarize,-63.80526284146935
shared,-51.34996933376354
lightning,-56.222333857848746
minutes,56.479479378243404
thought_wrong,-58.30807249736077
3_000,51.23609150341497
trying_find,52.124350394399805
common_arguments,-44.71947137165913
relationships,-69.4461337866018
imply_causation,55.21807972980868
additional,-49.38713871095085
02,-62.076307443446254
ethyl_mercury,-54.41612992139688
thiomersal,-63.235386399307444
invest,-74.6197736922164
unique,35.7219141867729
03,62.60470725141108
message_compose,60.85749353455719
wikitextbot,-60.818669371413826
downvote_^,-53.44026271552298
cake,53.38186610399843
citation,-47.2782081312947
question_why,-64.4119236599719
shouldn_t,76.14812984492671
point_time,-56.38992899944464
talk_about,49.59909613203652
necessarily,49.16973089106326
would_higher,68.61731184575278
best_explain,-48.0755221546704
cdc_website,48.55796022880485
novel,48.38876342645502
one_point,-74.70854741105212
changes_lack,-58.363059792742355
underlying,61.93742364825723
can_be,58.13277190280315
op_said,-41.545791682801465
hbsag,-63.894382371945206
sequences,-74.99155673735598
hi,-46.781716709337516
when_animals,-69.62458807407498
housed_able,69.01213155157535
aspirin,-53.82940063657857
infect_other,-77.83442961921193
straight,-53.96338826618086
even_bigger,-65.0460404530681
weren_t,52.22220308255156
carried,-73.29082547182769
trouble,-51.86563200407546
either_way,-49.06364300403807
to_prove,52.26813127298335
unlikely,-58.65434054952465
reckless,-80.20340071467898
picture,50.196928798371886
ap_vaccinated,-60.55533121714365
user,46.990995015834066
pointless,49.99578535145113
what_mean,-35.09099267248297
model,46.60004010445305
may_play,-53.19801192278394
merely,63.058580727387294
asymptomatic_infection,67.59455310562804
fairly,-48.86020689217678
regards,73.77199221728978
rate_death,-70.75545107624434
could_be,55.82641578327242
sorts,66.02131798952936
canned,62.34051120251714
star,52.605612706677135
nope,-49.547927589408154
suppose,49.99440188728233
banned,-61.780439796556614
misinformed,69.64797813630588
spread_pertussis,-57.280398631599226
handful,61.432528739415105
signs,-68.47764255860083
says_all,44.92165549596188
face,-55.31813677415032
could_tell,-56.02438352642223
various,-59.01774329056549
worst,-51.68972055166938
anti_vaxx,-55.517949165729966
infant_mortality,49.44658833468355
injecting,-51.20877192473032
won_t,54.95509776788302
cause_problems,-71.72977141475198
refuse,-57.13568169264774
vaccines_developed,75.94586533263067
uh,-63.784193893329025
angry,-67.22757673500224
mad,51.841964832174526
wear,-54.04444842358624
quack,-64.36458337980467
the_oral,56.99717608688747
running,-56.72906278444907
stands,-57.471182951914074
hence,-46.34525490448658
wild,-74.70217612531188
misinterpreted,-44.23432888283016
extensively,58.172537975557006
prevents,-55.41665929530834
right_thing,-63.39899677552498
your_source,-57.297054900798564
cite,-70.97980977107892
thimerosal_contains,39.84328791330407
anywhere,-70.12505676035418
responded,56.754108774916475
referred,-60.381754791660526
whose,-72.87485730305941
incredibly,-82.42930578653827
boosters,56.23191115310394
completed,55.02014186995922
apart,57.438872250555995
want_keep,-71.28807589603929
change_risk,-45.631529958563995
intelligence,45.30052171066731
rob_schneider,40.355886584748795
tell_there,51.11762768759974
severity,-38.23958709050105
ingredient,-65.77304719447791
faith,-41.40996429364988
organic_compound,-46.58955085946146
falsified,-67.89059239624785
asthma,55.183910849381405
preventable,-54.25587992912044
have_any,-57.24794796240076
2011,60.901628355562686
ignored,-54.173370538961876
so_agree,-61.94507590216343
lying_!,-41.70835055144959
feel_like,45.93617552662286
ebola,-73.58644485818816
millions_people,53.891130044941136
supports,78.02510632041906
explodes,59.89157460384728
medical_professional,47.63485154582005
weight,-58.79519577094573
ethyl_organomercury,-54.955686702186426
matters,-55.8823177286179
conspiracy_theorists,50.52895848783651
separate,67.22100851074674
features,-52.948352975188186
researched,56.959222329384964
taught,57.54179785970246
laugh,47.9792832671031
spending,54.67088105489017
contracting_measles,-50.311081362561254
imply,62.77493019832995
vaccinated_against,-70.18452978151348
booster,58.20413541923287
inside,49.729825333865485
warfel_et,53.42537620426868
fall,-44.17668131247626
unsafe,54.07993843609121
let_know,-64.34031021742054
2nd,51.79459459821301
cdc_says,-52.567814544289625
question_doctor,58.3902566731812
itself,-52.329384960697
done_nothing,-62.189947153270005
reduction,63.797090982845994
rat,-51.782243679643194
amounts,-49.81809396889503
dose_makes,-56.32250947165486
jumping,-59.137105429943404
less_efficient,-50.584446915518775
going_unvaccinated,59.06923106994526
automatically,-55.48525479879216
direct,44.565283688606584
recent,-64.4962860272922
antibiotics,-77.740000042928
oil,-57.11260651196016
ex,55.37300492174733
influenza_flu,60.266565062928706
selfish,55.43411017872843
quit,-55.80131385217286
medical_doctor,-47.225945109417275
advice,-58.75419949184087
publish,-59.344443966221185
thinks,49.360810973545206
boom,51.44533469660343
weird,43.54686186899059
refer,-61.36983701079503
fair,-45.22068948438388
think_op,-68.2633919598413
broken,-42.069328476227014
bs,51.18665031772649
said_true,-62.89519759636409
second_sentence,38.06814698466087
uninformed,60.81400739880126
you_asked,51.59889216429998
=_3,-68.05523947611304
managed,-52.01300255195398
dont_use,55.21288723478116
citations,46.840897898189496
want_my,-46.45571233117199
thats,54.28355769335805
women,-72.85406280740384
book,73.61976735330778
complex,73.93068195080858
built,-65.64384776060778
-_6yrs,-77.41446002593976
-_sch,-61.85617828391498
lucky,-71.2362456387407
hair,-58.37768759180988
sustained,57.320046597310814
coverage,62.96731031905785
there_nothing,45.01599442210817
areas,-48.428341984916266
good_idea,38.93857208466055
trolling,46.23128867341414
o,-57.57719573316235
moreover,-59.1914913729574
academic,-68.42744010568016
sticking,-45.63471599690019
yrs,-56.0838667813004
institutions,65.64688047717496
word,54.626999366642295
cherry_picking,43.16596605105383
-_ver,71.02813661992185
transmit,-47.50177228741777
tracking,61.77085607651843
attention,-46.175455254552496
induced,55.216932490068565
believed,-60.95399238288842
im_not,-47.28945300915105
acute,-75.58959734672982
good_enough,48.333927968047
apps,61.710954274324166
what_hell,34.124798756668845
patient,67.05885708812146
parents_downloads,-65.6375038333986
peanut,54.229298633702754
wanna,61.016204302243665
allergy,-49.63468038031735
hidden,57.94314520479442
success,-40.09533935324301
administered,-56.986869281278494
hep_b,-56.51888219637333
herpes,-50.50602476814053
fact_people,44.769777875950474
realize_people,46.039361730358436
pandemics,-50.146271885763895
fascist,44.32156511473025
pressure,64.07505278527537
refute,51.78260713860989
lost_license,-54.83136347559604
led,-63.83371166381899
reason_think,70.19909622089675
now_we,41.98421400205432
dozen,-55.22215494465433
inflammatory,56.68856186401527
we_will,-52.07352223573294
particles,-55.046229408085516
correlations,-58.66721496866172
suddenly,-46.01240638002151
feed,-46.05676737907344
burden_proof,-51.744883126628125
unable_to,53.07498485314578
author,-55.915075510692176
cover,-53.94500839396767
moderate,59.36025870439581
infantile,-70.2308167278969
mers,-71.31517703152555
damaging,58.8422016239533
drastically,60.355380018188754
chip,-48.63605826014217
qualified,-53.27217211736554
appointment,67.39534113714255
wording,-61.3605166334679
epidemic,-50.85487417437882
peoples,49.80837616367192
spanish_flu,46.151405408852426
publication,-60.11590020054687
through_the,-60.14197393283316
appropriate,-56.78058922992383
routinely,67.9055726490053
this_part,-60.015512859478044
unwilling,60.765435019185624
positives,67.8367640909088
read_more,-58.18786187415884
everyone_else,49.09957461738946
naa,-45.75527999921578
400,63.03864297952023
2002,-67.20084077200634
your_body,-63.53726016179927
flaws,-56.682585705621484
contracting,-49.51964692102941
extremely_dangerous,56.522700301452915
earth,38.578903473671446
too_much,-46.67506997150738
make_fun,-59.35256554967543
bots,-56.05538264300217
a_cold,56.33883363842393
definitely_not,44.39921754815852
hopefully,49.056337816287524
substances,46.49543354599817
second_one,54.90227551242601
compounds_not,48.27974071689819
please_tell,-52.25495915449532
constantly,-58.409424055359324
aborted_fetuses,61.994411991468716
should_be,-57.060084828507215
pushed,-44.409117188187054
1980s,52.56440342273969
per_year,49.43610988348732
flow,-55.224630929651084
get_cfr,-43.72764126770445
autoimmune_diseases,55.11722794569289
five_years,69.3308526396941
0_001,-67.7104138757284
nice,-55.24050655278664
contained,-56.54686144901338
stance,-67.21336936255851
engineered,44.86704734352544
whatsoever,-60.01619627544799
repeatedly,-63.61074801928274
behold,53.68890927864627
tbh,61.8575676672978
blood_brain,-51.017384680254104
calculated,-66.8696546308526
barrier,-60.17921128017176
breathing,51.33229449566292
12145534,-62.92807111632983
piece,-59.70192990785719
with_their,46.96758070094981
critical_thinking,-67.57349969709455
journal,-51.77967084395956
degree,53.5798060033889
labs,-69.55182516425347
gmo,58.1956053623987
1988,83.61707977949501
i_feel,-50.65627970969292
hundreds,56.12510793390395
fill,-58.305874813805
market,-59.66893997030739
abt,-61.92532133918643
uncomfortable,47.57170933758432
california,54.109213826849825
delayed,44.900223890441545
vote,54.69363111314066
tdap,-64.15336687863902
useful,-47.46136766137511
deemed,-55.4623389333817
gardasil,43.37377851777775
that_fine,-47.93219583749087
careful,59.43729818663783
mentions,48.72540221938678
assumption,58.317716352103496
choice,48.11855413498396
biologically,54.653178409210945
mechanism,-62.566502000542236
you_d,46.28477266640314
feel_free,-60.85657540827607
x,-56.770595052429314
novel_antigens,81.93066741328037
insulting,-46.71209630008188
fluoride,64.14291873045504
meaningful,60.11495705263716
comparing,68.85212571379803
estimates,-79.26475851460528
arbitrarily,-50.180033759733675
target,-66.82039064871658
recent_vaccinees,68.70659471540321
of_194,-53.141018311845734
regular,-44.854138780487546
sequences_obtained,-95.8732685591358
recommendation,-50.258275944985364
1966,-67.88343397122561
involve,63.58724141974783
whether_it,-63.31489960830248
2nd_shot,-70.97977788680838
tv,59.3961364752118
150,51.43594415856614
2021,-56.75762053953084
tracked,58.69884698460716
following_vaccination,45.650079359727386
organic,53.47538869586273
go_back,-52.69499204599169
moderna_vaccine,-54.1991034102764
insurance_system,-48.02296676344042
schedules,63.35647632171302
leading,-55.712375984454816
existing,50.79959871294177
nurses,-54.811830917377485
first_day,65.67606669080305
weak,47.45739520297004
month_old,55.02137443294354
character,-55.98310912953495
til,-52.115684868152115
panel,-64.63646291961376
moseley,59.81293500843897
quite_sure,-51.41973195631822
skew,-66.11849401775434
pulling,-59.93365955982284
quote,-58.53726849029374
president,44.06132183511944
got_first,-63.49431226517302
08,-50.4985242300826
-_deficit,-50.31854566584292
2015_73,68.84588974326108
identified_vaccine,-78.68749516794611
biological,58.59922656279534
1964,67.11351338186752
developmental,-65.74195836839164
epidemic_https,-59.27073281827939
-_phased,-52.29253852519599
infectious,61.69728485107898
increased_risks,-70.43725690248573
autism_attention,-75.2975444742235
deisher,-61.536740791100016
finds,71.6785076752593
mercola,-46.15863868547511
no_consistent,-59.01546458674568
lymph,-70.41288212190379
severe,-54.41762535335016
wikipedia,68.26133270206286
found_tcvs,53.72046603709945
neurodevelopmental_outcomes,-53.08148431661655
1997,-67.97384736860953
reduced,75.03861204737316
in_2004,-70.33225149128693
film,-55.159587151111616
magnet_therapy,-51.8316523182595
lethal,47.66982645076856
gov_vaccinesafety,-72.13176144445828
but_guess,-54.70306845277649
ingested,-54.486813124478054
unbiased,58.346077759692776
pros_cons,-46.94844627737708
key,-72.59668765315374
1991,70.15868600345948
caused_by,-54.46597020324288
regarding_vaccine,-55.655693603012644
spreads,-51.605649652771085
vaxfact_site,47.17882127678842
1992,79.38110070401156
org_doi,-68.55523563312809
abs_10,54.62308036590305
doc,-61.96968629340449
discuss,56.063272844008445
aka,-58.450140020159125
cares,43.22778352974881
might_be,-66.00212469436984
vaccinepapers_org,57.249135349378804
fibroblast_cells,-57.85762660993161
response_measles,-55.324845258041165
more_recent,62.94349261619692
even_was,-57.401363495338046
autoantibodies,-48.335167812950864
courts,-44.17156399402653
standing,57.948105406489944
confounding_variables,62.092196968988326
introduction_vaccine,51.190420025643775
tactics,-59.514247059795274
campaign,61.80209562568545
looks_like,49.55143922212431
silent,57.32384065699113
43,-47.612001102766776
reported_cases,56.72145256598871
opposed,57.13613069567363
books,54.38442619917355
genius,65.55252191911896
view,50.611537077103364
effectively,-54.04589171225993
dtp_vaccine,69.39814932679008
bat,47.64752419978002
see_comment,53.50255135809446
shows_vaccines,-53.38453515603488
going_go,-60.999127134850724
covering_up,-57.65742038179275
truly,-58.28801867774318
vaccines_aren,-41.50782185451501
broccoli,-63.97847996222376
he_has,-47.803630400327705
surprising,55.658341176998505
rate_may,-53.1040794097393
deadly_diseases,36.19584267207864
beneficial,50.54261809493718
conspiracy_theories,-69.97473304159261
delay,-49.43454776812262
compromised,54.60141811597278
26,-61.32985329349922
people_die,-71.61610353583511
wanting,-64.89433525006746
january,-51.42474899805565
number_people,-54.462574610010996
php,-59.12534273427665
affected,-57.35532320112007
actually_closer,-54.575833013557435
credibility,-61.227119746460225
oral_polio,-53.40233879313945
study_scientific,70.34448200335747
injured,-67.9157754159189
last_year,-60.127012713540154
www_seekandread,59.316906913819324
try_get,52.4041819633385
anyone_except,72.09656456680756
addressing,64.01292068291293
andrew,-59.03714845656014
disorders,-58.54381737711612
gov_mmwr,-66.43072306945464
w,-65.77074481223755
45,77.28916168899961
!_thanks,39.37170557082302
humanity,-49.96112386433307
47,-60.89228125329927
indicates,-58.7336592169026
ontario,48.929722038658966
definition,-72.72986027156064
carrier,41.46729207623189
wrong_again,-87.35585367888466
no_issue,-46.72733877848828
hate,-58.69691540369161
meaning,-62.95101598345636
from_a,58.45249164766617
visits,-50.12050703573573
pro_vax,-50.52699999477631
subjects,67.92648589822669
completely_fine,30.2700352581829
stay_safe,-67.11317202972766
secondary_vaccine,65.87723153829147
giving_vaccine,-69.15954609543891
by_a,41.694794099442255
whether_not,-63.91386401210498
genuinely,-65.91658908847747
this_scary,58.2510535161061
existed,-55.47612940694546
foia,51.41396251005013
cases_actually,-64.27351918221531
one_excess,-59.34410970636107
2000,-57.575131559238024
bad_enough,-60.09827871464987
declared,-43.32446753136642
prepare,-44.06859468269459
168,-67.23904323587514
febrile_seizures,55.60675757575606
weeks,-61.01337361835926
trying_convince,56.03432936117638
much_time,-54.43656141131348
linking,-53.66767248384977
dont_want,-64.66577602703094
isnt,58.95876361113974
mercury_thimerosal,-58.65086954617103
coincidence,-30.96165380653785
antivaxer,-55.56530657961537
vaccinated_individual,-51.760134332364565
-_availability,-63.571222039735815
disney,49.03002763856167
every_disease,54.012480745746295
here_link,-65.13126252647353
hepatitis_vaccine,-55.10579908901475
autism_diagnosis,-69.00386911976027
never_released,-64.86377682275013
tics,69.38147043401958
deserve,56.84275492246955
possibly,-53.58860951747069
unvax,-56.80071213823964
avoid_unnecessary,79.06744902136032
